{
    "nombre_dist": "exponnorm",
    "params": {
        "K": 1273.0391940809668,
        "loc": 0.9176978743702664,
        "scale": 0.03944885406245317
    }
}