{
    "nombre_dist": "beta",
    "params": {
        "a": 0.8376887198185494,
        "b": 3.7245239576432505,
        "loc": 0.9999999999999999,
        "scale": 578.4711127635424
    }
}