{
    "nombre_dist": "kappa3",
    "params": {
        "a": 1.2165555144141011,
        "loc": 0.9999999958174421,
        "scale": 92.71192261816304
    }
}