{
    "nombre_dist": "beta",
    "params": {
        "a": 0.9584454484115397,
        "b": 0.887215929147013,
        "loc": 9.975264879540028,
        "scale": 50.02473512045998
    }
}