{
    "proporciones_por_turno": {
        "T1": {
            "1": 0.04938271604938271,
            "2": 0.4567901234567901,
            "3": 0.4691358024691358,
            "4": 0.024691358024691357
        },
        "T2": {
            "1": 0.12941176470588237,
            "2": 0.5176470588235295,
            "3": 0.35294117647058826,
            "4": 0.0
        },
        "T3": {
            "1": 0.07317073170731707,
            "2": 0.3902439024390244,
            "3": 0.5365853658536586,
            "4": 0.0
        }
    }
}