{
    "proporciones_por_turno": {
        "T1": {
            "1": 0.05063291139240506,
            "2": 0.5443037974683544,
            "3": 0.4050632911392405,
            "4": 0.0
        },
        "T2": {
            "1": 0.1511627906976744,
            "2": 0.38372093023255816,
            "3": 0.4418604651162791,
            "4": 0.023255813953488372
        },
        "T3": {
            "1": 0.023809523809523808,
            "2": 0.5,
            "3": 0.47619047619047616,
            "4": 0.0
        }
    }
}