{
    "nombre_dist": "truncpareto",
    "params": {
        "b": 4.987707041740933,
        "c": 3.688901517824734,
        "loc": -365.6924926271208,
        "scale": 366.69249262712077
    }
}