{
    "nombre_dist": "beta",
    "params": {
        "a": 0.958444890415727,
        "b": 0.8872180678912631,
        "loc": 9.9752633910309,
        "scale": 50.02473660896911
    }
}